{
	"BUILD_DIR" : "C:/Atividades/Atividade_2/build-atividade2-Desktop_Qt_5_15_2_MinGW_32_bit-Debug/atividade2_autogen",
	"CMAKE_BINARY_DIR" : "C:/Atividades/Atividade_2/build-atividade2-Desktop_Qt_5_15_2_MinGW_32_bit-Debug",
	"CMAKE_CURRENT_BINARY_DIR" : "C:/Atividades/Atividade_2/build-atividade2-Desktop_Qt_5_15_2_MinGW_32_bit-Debug",
	"CMAKE_CURRENT_SOURCE_DIR" : "C:/Atividades/Atividade_2/atividade2",
	"CMAKE_SOURCE_DIR" : "C:/Atividades/Atividade_2/atividade2",
	"INCLUDE_DIR" : "C:/Atividades/Atividade_2/build-atividade2-Desktop_Qt_5_15_2_MinGW_32_bit-Debug/atividade2_autogen/include",
	"INPUTS" : [ "C:/Atividades/Atividade_2/atividade2/main.qml" ],
	"LOCK_FILE" : "C:/Atividades/Atividade_2/build-atividade2-Desktop_Qt_5_15_2_MinGW_32_bit-Debug/CMakeFiles/atividade2_autogen.dir/AutoRcc_qml_EWIEGA46WW_Lock.lock",
	"MULTI_CONFIG" : false,
	"OPTIONS" : [ "-name", "qml" ],
	"OUTPUT_CHECKSUM" : "EWIEGA46WW",
	"OUTPUT_NAME" : "qrc_qml.cpp",
	"RCC_EXECUTABLE" : "C:/Qt/5.15.2/mingw81_32/bin/rcc.exe",
	"RCC_LIST_OPTIONS" : [ "--list" ],
	"SETTINGS_FILE" : "C:/Atividades/Atividade_2/build-atividade2-Desktop_Qt_5_15_2_MinGW_32_bit-Debug/CMakeFiles/atividade2_autogen.dir/AutoRcc_qml_EWIEGA46WW_Used.txt",
	"SOURCE" : "C:/Atividades/Atividade_2/atividade2/qml.qrc",
	"VERBOSITY" : 0
}
