{
	"BUILD_DIR" : "C:/Atividades/Atividade_2/build-atividade2-Desktop_Qt_5_15_2_MinGW_32_bit-Debug/atividade2_autogen",
	"CMAKE_BINARY_DIR" : "C:/Atividades/Atividade_2/build-atividade2-Desktop_Qt_5_15_2_MinGW_32_bit-Debug",
	"CMAKE_CURRENT_BINARY_DIR" : "C:/Atividades/Atividade_2/build-atividade2-Desktop_Qt_5_15_2_MinGW_32_bit-Debug",
	"CMAKE_CURRENT_SOURCE_DIR" : "C:/Atividades/Atividade_2/atividade2",
	"CMAKE_EXECUTABLE" : "C:/Qt/Tools/CMake_64/bin/cmake.exe",
	"CMAKE_LIST_FILES" : 
	[
		"C:/Atividades/Atividade_2/atividade2/CMakeLists.txt",
		"C:/Qt/Tools/QtCreator/share/qtcreator/package-manager/auto-setup.cmake",
		"C:/Atividades/Atividade_2/build-atividade2-Desktop_Qt_5_15_2_MinGW_32_bit-Debug/CMakeFiles/3.19.2/CMakeSystem.cmake",
		"C:/Qt/Tools/CMake_64/share/cmake-3.19/Modules/CMakeSystemSpecificInitialize.cmake",
		"C:/Atividades/Atividade_2/build-atividade2-Desktop_Qt_5_15_2_MinGW_32_bit-Debug/CMakeFiles/3.19.2/CMakeCXXCompiler.cmake",
		"C:/Qt/Tools/CMake_64/share/cmake-3.19/Modules/CMakeSystemSpecificInformation.cmake",
		"C:/Qt/Tools/CMake_64/share/cmake-3.19/Modules/CMakeGenericSystem.cmake",
		"C:/Qt/Tools/CMake_64/share/cmake-3.19/Modules/CMakeInitializeConfigs.cmake",
		"C:/Qt/Tools/CMake_64/share/cmake-3.19/Modules/Platform/Windows.cmake",
		"C:/Qt/Tools/CMake_64/share/cmake-3.19/Modules/Platform/WindowsPaths.cmake",
		"C:/Qt/Tools/CMake_64/share/cmake-3.19/Modules/CMakeCXXInformation.cmake",
		"C:/Qt/Tools/CMake_64/share/cmake-3.19/Modules/CMakeLanguageInformation.cmake",
		"C:/Qt/Tools/CMake_64/share/cmake-3.19/Modules/Compiler/GNU-CXX.cmake",
		"C:/Qt/Tools/CMake_64/share/cmake-3.19/Modules/Compiler/GNU.cmake",
		"C:/Qt/Tools/CMake_64/share/cmake-3.19/Modules/Compiler/CMakeCommonCompilerMacros.cmake",
		"C:/Qt/Tools/CMake_64/share/cmake-3.19/Modules/Platform/Windows-GNU-CXX.cmake",
		"C:/Qt/Tools/CMake_64/share/cmake-3.19/Modules/Platform/Windows-GNU.cmake",
		"C:/Atividades/Atividade_2/build-atividade2-Desktop_Qt_5_15_2_MinGW_32_bit-Debug/CMakeFiles/3.19.2/CMakeRCCompiler.cmake",
		"C:/Qt/Tools/CMake_64/share/cmake-3.19/Modules/CMakeRCInformation.cmake",
		"C:/Qt/Tools/CMake_64/share/cmake-3.19/Modules/Platform/Windows-windres.cmake",
		"C:/Qt/Tools/CMake_64/share/cmake-3.19/Modules/Platform/Windows-GNU-CXX-ABI.cmake",
		"C:/Qt/Tools/CMake_64/share/cmake-3.19/Modules/CMakeCommonLanguageInclude.cmake",
		"C:/Qt/5.15.2/mingw81_32/lib/cmake/Qt5/Qt5ConfigVersion.cmake",
		"C:/Qt/5.15.2/mingw81_32/lib/cmake/Qt5/Qt5Config.cmake",
		"C:/Qt/5.15.2/mingw81_32/lib/cmake/Qt5/Qt5ConfigVersion.cmake",
		"C:/Qt/5.15.2/mingw81_32/lib/cmake/Qt5/Qt5Config.cmake",
		"C:/Qt/5.15.2/mingw81_32/lib/cmake/Qt5/Qt5ModuleLocation.cmake",
		"C:/Qt/5.15.2/mingw81_32/lib/cmake/Qt5Core/Qt5CoreConfigVersion.cmake",
		"C:/Qt/5.15.2/mingw81_32/lib/cmake/Qt5Core/Qt5CoreConfig.cmake",
		"C:/Qt/5.15.2/mingw81_32/lib/cmake/Qt5Core/Qt5CoreConfigExtras.cmake",
		"C:/Qt/5.15.2/mingw81_32/lib/cmake/Qt5Core/Qt5CoreConfigExtrasMkspecDir.cmake",
		"C:/Qt/5.15.2/mingw81_32/lib/cmake/Qt5Core/Qt5CoreMacros.cmake",
		"C:/Qt/Tools/CMake_64/share/cmake-3.19/Modules/CMakeParseArguments.cmake",
		"C:/Qt/5.15.2/mingw81_32/lib/cmake/Qt5Quick/Qt5QuickConfigVersion.cmake",
		"C:/Qt/5.15.2/mingw81_32/lib/cmake/Qt5Quick/Qt5QuickConfig.cmake",
		"C:/Qt/5.15.2/mingw81_32/lib/cmake/Qt5QmlModels/Qt5QmlModelsConfigVersion.cmake",
		"C:/Qt/5.15.2/mingw81_32/lib/cmake/Qt5QmlModels/Qt5QmlModelsConfig.cmake",
		"C:/Qt/5.15.2/mingw81_32/lib/cmake/Qt5Qml/Qt5QmlConfigVersion.cmake",
		"C:/Qt/5.15.2/mingw81_32/lib/cmake/Qt5Qml/Qt5QmlConfig.cmake",
		"C:/Qt/5.15.2/mingw81_32/lib/cmake/Qt5Network/Qt5NetworkConfigVersion.cmake",
		"C:/Qt/5.15.2/mingw81_32/lib/cmake/Qt5Network/Qt5NetworkConfig.cmake",
		"C:/Qt/5.15.2/mingw81_32/lib/cmake/Qt5Network/Qt5Network_QGenericEnginePlugin.cmake",
		"C:/Qt/5.15.2/mingw81_32/lib/cmake/Qt5Qml/Qt5Qml_QDebugMessageServiceFactory.cmake",
		"C:/Qt/5.15.2/mingw81_32/lib/cmake/Qt5Qml/Qt5Qml_QLocalClientConnectionFactory.cmake",
		"C:/Qt/5.15.2/mingw81_32/lib/cmake/Qt5Qml/Qt5Qml_QQmlDebugServerFactory.cmake",
		"C:/Qt/5.15.2/mingw81_32/lib/cmake/Qt5Qml/Qt5Qml_QQmlDebuggerServiceFactory.cmake",
		"C:/Qt/5.15.2/mingw81_32/lib/cmake/Qt5Qml/Qt5Qml_QQmlInspectorServiceFactory.cmake",
		"C:/Qt/5.15.2/mingw81_32/lib/cmake/Qt5Qml/Qt5Qml_QQmlNativeDebugConnectorFactory.cmake",
		"C:/Qt/5.15.2/mingw81_32/lib/cmake/Qt5Qml/Qt5Qml_QQmlNativeDebugServiceFactory.cmake",
		"C:/Qt/5.15.2/mingw81_32/lib/cmake/Qt5Qml/Qt5Qml_QQmlPreviewServiceFactory.cmake",
		"C:/Qt/5.15.2/mingw81_32/lib/cmake/Qt5Qml/Qt5Qml_QQmlProfilerServiceFactory.cmake",
		"C:/Qt/5.15.2/mingw81_32/lib/cmake/Qt5Qml/Qt5Qml_QQuickProfilerAdapterFactory.cmake",
		"C:/Qt/5.15.2/mingw81_32/lib/cmake/Qt5Qml/Qt5Qml_QTcpServerConnectionFactory.cmake",
		"C:/Qt/5.15.2/mingw81_32/lib/cmake/Qt5Qml/Qt5QmlConfigExtras.cmake",
		"C:/Qt/5.15.2/mingw81_32/lib/cmake/Qt5Gui/Qt5GuiConfigVersion.cmake",
		"C:/Qt/5.15.2/mingw81_32/lib/cmake/Qt5Gui/Qt5GuiConfig.cmake",
		"C:/Qt/5.15.2/mingw81_32/lib/cmake/Qt5Gui/Qt5Gui_QGifPlugin.cmake",
		"C:/Qt/5.15.2/mingw81_32/lib/cmake/Qt5Gui/Qt5Gui_QICNSPlugin.cmake",
		"C:/Qt/5.15.2/mingw81_32/lib/cmake/Qt5Gui/Qt5Gui_QICOPlugin.cmake",
		"C:/Qt/5.15.2/mingw81_32/lib/cmake/Qt5Gui/Qt5Gui_QJpegPlugin.cmake",
		"C:/Qt/5.15.2/mingw81_32/lib/cmake/Qt5Gui/Qt5Gui_QMinimalIntegrationPlugin.cmake",
		"C:/Qt/5.15.2/mingw81_32/lib/cmake/Qt5Gui/Qt5Gui_QOffscreenIntegrationPlugin.cmake",
		"C:/Qt/5.15.2/mingw81_32/lib/cmake/Qt5Gui/Qt5Gui_QSvgIconPlugin.cmake",
		"C:/Qt/5.15.2/mingw81_32/lib/cmake/Qt5Gui/Qt5Gui_QSvgPlugin.cmake",
		"C:/Qt/5.15.2/mingw81_32/lib/cmake/Qt5Gui/Qt5Gui_QTgaPlugin.cmake",
		"C:/Qt/5.15.2/mingw81_32/lib/cmake/Qt5Gui/Qt5Gui_QTiffPlugin.cmake",
		"C:/Qt/5.15.2/mingw81_32/lib/cmake/Qt5Gui/Qt5Gui_QTuioTouchPlugin.cmake",
		"C:/Qt/5.15.2/mingw81_32/lib/cmake/Qt5Gui/Qt5Gui_QWbmpPlugin.cmake",
		"C:/Qt/5.15.2/mingw81_32/lib/cmake/Qt5Gui/Qt5Gui_QWebpPlugin.cmake",
		"C:/Qt/5.15.2/mingw81_32/lib/cmake/Qt5Gui/Qt5Gui_QWindowsDirect2DIntegrationPlugin.cmake",
		"C:/Qt/5.15.2/mingw81_32/lib/cmake/Qt5Gui/Qt5Gui_QWindowsIntegrationPlugin.cmake",
		"C:/Qt/5.15.2/mingw81_32/lib/cmake/Qt5Gui/Qt5Gui_QXdgDesktopPortalThemePlugin.cmake",
		"C:/Qt/5.15.2/mingw81_32/lib/cmake/Qt5Gui/Qt5GuiConfigExtras.cmake",
		"C:/Qt/5.15.2/mingw81_32/lib/cmake/Qt5/Qt5ConfigVersion.cmake",
		"C:/Qt/5.15.2/mingw81_32/lib/cmake/Qt5/Qt5Config.cmake",
		"C:/Qt/5.15.2/mingw81_32/lib/cmake/Qt5/Qt5ConfigVersion.cmake",
		"C:/Qt/5.15.2/mingw81_32/lib/cmake/Qt5/Qt5Config.cmake",
		"C:/Qt/5.15.2/mingw81_32/lib/cmake/Qt5/Qt5ModuleLocation.cmake",
		"C:/Qt/5.15.2/mingw81_32/lib/cmake/Qt5/Qt5ConfigVersion.cmake",
		"C:/Qt/5.15.2/mingw81_32/lib/cmake/Qt5/Qt5Config.cmake",
		"C:/Qt/5.15.2/mingw81_32/lib/cmake/Qt5/Qt5ConfigVersion.cmake",
		"C:/Qt/5.15.2/mingw81_32/lib/cmake/Qt5/Qt5Config.cmake",
		"C:/Qt/5.15.2/mingw81_32/lib/cmake/Qt5/Qt5ModuleLocation.cmake",
		"C:/Qt/5.15.2/mingw81_32/lib/cmake/Qt5/Qt5ConfigVersion.cmake",
		"C:/Qt/5.15.2/mingw81_32/lib/cmake/Qt5/Qt5Config.cmake",
		"C:/Qt/5.15.2/mingw81_32/lib/cmake/Qt5/Qt5ConfigVersion.cmake",
		"C:/Qt/5.15.2/mingw81_32/lib/cmake/Qt5/Qt5Config.cmake",
		"C:/Qt/5.15.2/mingw81_32/lib/cmake/Qt5/Qt5ModuleLocation.cmake",
		"C:/Atividades/Atividade_2/atividade2/qml.qrc"
	],
	"CMAKE_SOURCE_DIR" : "C:/Atividades/Atividade_2/atividade2",
	"DEP_FILE" : "C:/Atividades/Atividade_2/build-atividade2-Desktop_Qt_5_15_2_MinGW_32_bit-Debug/atividade2_autogen/deps",
	"DEP_FILE_RULE_NAME" : "atividade2_autogen/timestamp",
	"HEADERS" : 
	[
		[
			"C:/Atividades/Atividade_2/atividade2/PlayerGenerator.h",
			"MU",
			"EWIEGA46WW/moc_PlayerGenerator.cpp"
		]
	],
	"HEADER_EXTENSIONS" : [ "h", "hh", "h++", "hm", "hpp", "hxx", "in", "txx" ],
	"INCLUDE_DIR" : "C:/Atividades/Atividade_2/build-atividade2-Desktop_Qt_5_15_2_MinGW_32_bit-Debug/atividade2_autogen/include",
	"MOC_COMPILATION_FILE" : "C:/Atividades/Atividade_2/build-atividade2-Desktop_Qt_5_15_2_MinGW_32_bit-Debug/atividade2_autogen/mocs_compilation.cpp",
	"MOC_DEFINITIONS" : 
	[
		"QT_CORE_LIB",
		"QT_GUI_LIB",
		"QT_NETWORK_LIB",
		"QT_QMLMODELS_LIB",
		"QT_QML_DEBUG",
		"QT_QML_LIB",
		"QT_QUICK_LIB"
	],
	"MOC_DEPEND_FILTERS" : 
	[
		[
			"Q_PLUGIN_METADATA",
			"[\n][ \t]*Q_PLUGIN_METADATA[ \t]*\\([^\\)]*FILE[ \t]*\"([^\"]+)\""
		]
	],
	"MOC_INCLUDES" : 
	[
		"C:/Atividades/Atividade_2/build-atividade2-Desktop_Qt_5_15_2_MinGW_32_bit-Debug",
		"C:/Atividades/Atividade_2/atividade2",
		"C:/Qt/5.15.2/mingw81_32/include",
		"C:/Qt/5.15.2/mingw81_32/include/QtCore",
		"C:/Qt/5.15.2/mingw81_32/mkspecs/win32-g++",
		"C:/Qt/5.15.2/mingw81_32/include/QtQuick",
		"C:/Qt/5.15.2/mingw81_32/include/QtQmlModels",
		"C:/Qt/5.15.2/mingw81_32/include/QtQml",
		"C:/Qt/5.15.2/mingw81_32/include/QtNetwork",
		"C:/Qt/5.15.2/mingw81_32/include/QtGui",
		"C:/Qt/5.15.2/mingw81_32/include/QtANGLE",
		"C:/Qt/Tools/mingw810_32/lib/gcc/i686-w64-mingw32/8.1.0/include/c++",
		"C:/Qt/Tools/mingw810_32/lib/gcc/i686-w64-mingw32/8.1.0/include/c++/i686-w64-mingw32",
		"C:/Qt/Tools/mingw810_32/lib/gcc/i686-w64-mingw32/8.1.0/include/c++/backward",
		"C:/Qt/Tools/mingw810_32/lib/gcc/i686-w64-mingw32/8.1.0/include",
		"C:/Qt/Tools/mingw810_32/lib/gcc/i686-w64-mingw32/8.1.0/include-fixed",
		"C:/Qt/Tools/mingw810_32/i686-w64-mingw32/include"
	],
	"MOC_MACRO_NAMES" : [ "Q_OBJECT", "Q_GADGET", "Q_NAMESPACE", "Q_NAMESPACE_EXPORT" ],
	"MOC_OPTIONS" : [],
	"MOC_PATH_PREFIX" : false,
	"MOC_PREDEFS_CMD" : 
	[
		"C:/Qt/Tools/mingw810_32/bin/g++.exe",
		"-dM",
		"-E",
		"-c",
		"C:/Qt/Tools/CMake_64/share/cmake-3.19/Modules/CMakeCXXCompilerABI.cpp"
	],
	"MOC_PREDEFS_FILE" : "C:/Atividades/Atividade_2/build-atividade2-Desktop_Qt_5_15_2_MinGW_32_bit-Debug/atividade2_autogen/moc_predefs.h",
	"MOC_RELAXED_MODE" : false,
	"MOC_SKIP" : [],
	"MULTI_CONFIG" : false,
	"PARALLEL" : 4,
	"PARSE_CACHE_FILE" : "C:/Atividades/Atividade_2/build-atividade2-Desktop_Qt_5_15_2_MinGW_32_bit-Debug/CMakeFiles/atividade2_autogen.dir/ParseCache.txt",
	"QT_MOC_EXECUTABLE" : "C:/Qt/5.15.2/mingw81_32/bin/moc.exe",
	"QT_UIC_EXECUTABLE" : "",
	"QT_VERSION_MAJOR" : 5,
	"QT_VERSION_MINOR" : 15,
	"SETTINGS_FILE" : "C:/Atividades/Atividade_2/build-atividade2-Desktop_Qt_5_15_2_MinGW_32_bit-Debug/CMakeFiles/atividade2_autogen.dir/AutogenUsed.txt",
	"SOURCES" : 
	[
		[ "C:/Atividades/Atividade_2/atividade2/PlayerGenerator.cpp", "MU" ],
		[ "C:/Atividades/Atividade_2/atividade2/main.cpp", "MU" ]
	],
	"UIC_OPTIONS" : [],
	"UIC_SEARCH_PATHS" : [],
	"UIC_SKIP" : [],
	"UIC_UI_FILES" : [],
	"VERBOSITY" : 0
}
